rssi_1_1,rssi_1_2,rssi_1_3,rssi_2_1,rssi_2_2,rssi_2_3,rssi_3_1,rssi_3_2,rssi_3_3,delay_1,delay_2,delay_3,delay_12,delay_13,delay_23,idx
-87.43,-89.54857142857142,-90.1228571428571,-76.54,-78.585,-81.3942857142857,-86.9,-91.602,-97.255,5,2,4,3,1,-2,7760
-91.40142857142858,-91.05,-91.91857142857141,-54.28,-85.655,-74.41571428571429,-95.46,-97.146,-97.6,5,1,5,4,0,-4,8188
-95.16,-94.53,-91.68428571428568,-92.78,-95.645,-93.4842857142857,-78.3766666666667,-68.664,-98.43,6,5,2,1,4,3,6987
-94.4971428571429,-78.58,-95.34,-64.64,-83.9625,-85.74857142857141,-90.5383333333333,-96.746,-98.9125,4,1,6,3,-2,-5,8757
-85.42,-80.74857142857141,-86.8628571428571,-80.42,-75.05,-65.0714285714286,-86.695,-88.744,-97.255,6,2,5,4,1,-3,6934
-91.83,-98.56857142857142,-89.32,-91.95,-92.27,-89.59142857142858,-86.2466666666667,-73.072,-89.83,6,5,1,1,5,4,7156
-89.7157142857143,-99.5742857142857,-90.0042857142857,-101.69,-97.79,-90.74285714285708,-87.24,-89.988,-62.27,6,6,0,0,6,6,6974
-90.2657142857143,-90.25857142857141,-92.4071428571429,-51.47,-80.67,-89.13285714285709,-91.2083333333333,-94.728,-97.6,5,1,6,4,-1,-5,8189
-96.58,-88.4,-94.1357142857143,-90.53,-92.8825,-97.0571428571428,-91.585,-96.186,-98.9125,4,2,6,2,-2,-4,8944
-84.01,-95.33142857142859,-89.3142857142857,-96.22,-94.8225,-98.67,-92.465,-96.342,-98.2875,3,4,3,-1,0,1,8636
-77.02571428571429,-101.11,-73.45,-94.21,-95.15,-86.99857142857141,-91.8966666666667,-96.186,-96.2825,3,4,4,-1,-1,0,8953
-91.12142857142858,-99.5742857142857,-89.27142857142859,-103.1225,-101.565,-95.2242857142857,-68.0,-88.874,-77.21,6,6,0,0,6,6,7497
-81.9,-79.0114285714286,-71.01,-81.26,-93.09,-88.9157142857143,-86.37,-98.012,-94.4075,2,4,5,-2,-3,-1,9375
-87.08,-92.26,-88.7,-95.85,-94.8225,-94.45,-92.465,-96.342,-98.2875,3,4,3,-1,0,1,8632
-90.22142857142859,-99.2842857142857,-91.2542857142857,-95.9383333333333,-92.8475,-90.74285714285708,-87.4933333333333,-89.988,-71.52,7,6,0,1,7,6,6917
-88.59142857142858,-93.22714285714292,-95.6,-89.34,-92.33,-90.46,-92.7283333333333,-95.286,-95.1975,4,3,4,1,0,-1,8439
-89.15142857142858,-86.34142857142858,-89.92857142857142,-88.7283333333333,-69.8275,-68.98,-91.2383333333333,-90.2152727272727,-95.8575,8,3,6,5,2,-3,6683
-78.95,-89.91285714285709,-74.01,-90.90333333333332,-91.89,-92.71,-84.0633333333333,-104.362,-75.46,5,7,3,-2,2,4,8994
-79.49571428571429,-80.76,-72.03,-90.90333333333332,-89.33,-93.4357142857143,-82.54,-106.544,-89.27,4,7,3,-3,1,4,9206
-90.17285714285721,-95.98857142857142,-88.65,-98.7883333333333,-89.5,-97.85,-92.6166666666667,-73.742,-96.86,7,5,2,2,5,3,6752
-80.2464285714286,-97.57214285714292,-80.33,-99.55,-96.4575,-93.3442857142857,-80.885,-99.9346666666667,-96.98,3,5,3,-2,0,2,8885
-96.20142857142858,-95.10285714285708,-94.43285714285707,-97.395,-91.0225,-89.61,-102.17,-79.992,-96.3725,6,4,3,2,3,1,7331
-91.21857142857141,-92.1571428571429,-91.9266666666666,-88.6216666666667,-84.935,-86.78,-91.6233333333333,-90.598,-95.73,6,3,3,3,3,0,6808
-87.47,-99.1157142857143,-91.2628571428571,-96.235,-92.8375,-93.88142857142859,-74.94,-73.47399999999998,-90.8975,6,6,1,0,5,5,7019
-89.47,-91.88714285714279,-90.9957142857143,-91.84666666666661,-92.65,-86.16857142857141,-90.0483333333333,-83.46799999999998,-96.7,6,3,3,3,3,0,7286
-90.4242857142857,-99.5742857142857,-91.2542857142857,-95.9383333333333,-92.8475,-90.74285714285708,-87.24,-89.988,-65.96,7,6,0,1,7,6,6951
-88.3042857142857,-91.89,-84.83428571428571,-83.0,-88.46,-83.94,-92.28,-94.758,-94.7075,4,4,3,0,1,1,8466
-86.22714285714291,-87.2142857142857,-87.8857142857143,-62.67,-80.56625,-86.3942857142857,-89.7716666666666,-91.34,-97.6,5,2,5,3,0,-3,8011
-91.21857142857141,-94.22,-91.9266666666666,-93.97,-84.7325,-76.02,-92.54333333333332,-88.044,-96.3725,6,3,3,3,3,0,6875
-89.96,-78.44,-88.7457142857143,-84.7383333333333,-91.5525,-86.7828571428571,-87.24,-97.496,-96.7925,3,3,5,0,-2,-2,9063
-92.71,-96.56,-90.3992857142857,-98.33,-95.28,-93.7757142857143,-60.47,-78.06,-88.08,5,5,2,0,3,3,7861
-83.2628571428571,-95.7692857142857,-83.57,-95.21,-98.5125,-100.55,-87.1208333333333,-98.048,-99.17,3,4,3,-1,0,1,8767
-92.87619047619049,-97.38714285714279,-89.79428571428568,-101.954166666667,-101.5175,-95.81571428571432,-81.195,-83.47399999999998,-78.59,5,5,1,0,4,4,7539
-93.96,-91.8871428571429,-93.15,-85.09636363636359,-81.725,-86.1833333333333,-89.06,-80.685,-96.3725,6,3,3,3,3,0,7237
-82.7,-98.2242857142857,-90.9428571428572,-98.835,-98.52,-93.7757142857143,-67.8783333333333,-89.566,-89.83,5,6,2,-1,3,4,7934
-92.1857142857143,-90.0457142857143,-90.07285714285707,-55.04,-81.67,-82.15285714285709,-90.5916666666667,-90.526,-97.255,5,1,5,4,0,-4,7871
-94.16,-93.72,-90.7971428571429,-55.83,-76.45,-78.21285714285709,-90.95666666666668,-98.048,-97.6,5,1,5,4,0,-4,8170
-94.1071428571429,-90.7342857142857,-92.78,-68.08,-92.85,-90.5428571428572,-93.5,-97.924,-97.6,4,2,5,2,-1,-3,8368
-87.39,-98.56857142857142,-87.76,-96.1066666666667,-82.33,-86.7,-83.8283333333333,-72.458,-86.58,6,5,1,1,5,4,7146
-89.12714285714279,-88.72,-91.1942857142857,-63.84,-87.85,-80.58571428571429,-92.73,-94.57,-97.6,4,2,4,2,0,-2,8075
-89.10857142857141,-95.4428571428572,-93.21,-99.26,-93.2875,-89.27285714285709,-92.6466666666667,-99.194,-81.33,5,7,2,-2,3,5,8508
-91.14,-96.1,-93.78,-98.7333333333333,-91.47,-91.34,-92.6166666666667,-73.742,-94.96,7,5,2,2,5,3,6748
-86.87,-100.8,-88.64,-98.54,-98.52,-94.7442857142857,-67.8783333333333,-87.44,-85.27,5,6,2,-1,3,4,7946
-89.03,-92.64857142857142,-90.48,-67.08,-87.5175,-87.2828571428571,-91.8033333333333,-96.142,-97.7875,4,2,4,2,0,-2,8334
-92.33,-75.0,-100.73,-98.03,-98.35,-94.95,-99.7083333333333,-101.806,-94.4075,3,3,6,0,-3,-3,9498
-87.9,-96.38,-88.83,-97.16833333333332,-90.53,-94.02,-76.0333333333333,-74.214,-90.945,6,4,2,2,4,2,7085
-88.53,-89.135,-91.59,-88.415,-82.0370833333333,-78.57,-91.7533333333333,-88.816,-96.3725,5,2,4,3,1,-2,7483
-86.52,-96.38,-92.54857142857142,-92.71,-90.1225,-93.4,-77.70666666666669,-79.39,-90.945,6,4,2,2,4,2,7151
-86.78,-96.38,-91.8042857142857,-103.1,-90.1225,-102.73,-82.1766666666667,-81.34,-93.4,6,4,2,2,4,2,7173
-83.2,-94.77,-78.81714285714291,-98.6366666666667,-95.3425,-94.68142857142858,-89.895,-102.22866666666701,-94.53,3,6,3,-3,0,3,9019
-94.62,-92.08,-89.23571428571432,-95.8983333333333,-75.86,-80.23,-91.855,-87.069,-95.8575,7,3,5,4,2,-2,6662
-97.28,-93.21,-81.95,-95.53,-91.55,-86.99857142857141,-91.8966666666667,-98.268,-96.7675,3,4,4,-1,-1,0,8992
-89.81142857142858,-90.414693877551,-92.25357142857142,-87.9,-90.9375,-78.813373015873,-88.4648333333333,-80.7506666666667,-96.92,4,3,7,1,-3,-4,9550
-74.94,-85.165,-66.07,-88.235,-87.865,-87.40142857142858,-88.76,-99.226,-96.7675,3,4,4,-1,-1,0,9113
-82.28142857142859,-98.2553571428572,-83.72714285714291,-101.853333333333,-98.14875,-90.6569047619048,-85.47388888888891,-100.24066666666701,-95.1425,4,5,3,-1,1,2,8748
-92.48,-95.4357142857143,-94.57285714285707,-99.73,-96.1125,-99.11,-84.0666666666667,-81.104,-98.54,6,4,2,2,4,2,7373
-75.44285714285719,-88.64,-70.45,-96.4233333333333,-89.64,-95.20392857142859,-83.7533333333333,-106.544,-81.27,4,7,3,-3,1,4,9315
-94.52,-97.79142857142858,-93.0428571428572,-97.9533333333333,-90.9425,-89.7442857142857,-83.0883333333333,-73.85600000000002,-94.4175,6,5,1,1,5,4,6870
-86.96,-87.83,-89.52,-93.8533333333333,-94.7625,-89.7132142857143,-90.0,-99.034,-94.4075,2,4,5,-2,-3,-1,9535
-99.41857142857141,-88.79476190476191,-97.515,-80.0,-99.9125,-104.54,-96.5633333333333,-101.648,-96.56,3,2,6,1,-3,-4,9260
-84.00142857142859,-97.79,-85.53,-97.66,-92.5975,-91.07142857142858,-74.1666666666667,-93.38,-95.47,4,5,2,-1,2,3,8467
-85.91,-96.6671428571429,-83.34,-94.35,-89.27,-90.18714285714279,-94.125,-80.83,-96.55,5,4,2,1,3,2,7533
-91.59285714285721,-92.50714285714292,-92.2,-71.88,-87.0875,-86.1071428571429,-94.1316666666667,-95.754,-97.2725,4,3,4,1,0,-1,8370
-86.895,-96.81,-90.58,-93.96,-94.0525,-94.52,-75.18,-79.83,-93.745,6,4,2,2,4,2,7260
-88.15285714285709,-97.42,-90.05,-98.54,-98.52,-93.42142857142859,-69.7133333333333,-95.63,-86.43,5,6,2,-1,3,4,8244
-91.74,-93.04428571428568,-91.8728571428571,-95.9116666666667,-87.1308333333333,-89.49,-92.23,-85.08200000000002,-95.8575,7,3,4,4,3,-1,6677
-95.73,-96.68857142857142,-88.9332142857143,-100.57,-102.53,-95.9528571428571,-98.4983333333333,-99.518,-97.765,5,4,2,1,3,2,7839
-84.13,-82.71428571428571,-81.0,-77.0,-89.29,-79.94,-92.46,-98.012,-96.7925,3,3,5,0,-2,-2,9128
-91.44714285714292,-86.35857142857141,-92.29428571428568,-91.55,-73.67,-69.26857142857139,-90.2566666666667,-90.5772727272727,-95.8575,8,3,6,5,2,-3,6624
-92.42714285714293,-96.2,-92.58142857142859,-94.1633333333333,-92.18,-90.6342857142857,-74.895,-69.436,-97.9125,6,5,2,1,4,3,7004
-86.22714285714291,-86.23142857142858,-89.29,-62.46,-82.55375,-82.46,-89.44,-91.236,-97.6,5,2,5,3,0,-3,7986
-90.64,-90.84,-92.2071428571428,-77.34,-92.2775,-91.91,-91.58,-92.182,-97.6,4,2,5,2,-1,-3,8288
-96.54,-91.72,-93.71,-78.58,-80.7,-85.69875,-90.4766666666666,-93.248,-97.255,5,2,5,3,0,-3,7641
-91.21857142857141,-91.1371428571429,-92.2171428571429,-88.97,-85.5925,-77.86142857142859,-92.96,-88.71,-96.3725,6,3,3,3,3,0,6863
-96.0,-92.43,-92.6342857142857,-95.825,-84.15,-90.84,-92.185,-83.67,-96.2325,7,4,3,3,4,1,6721
-91.4642857142857,-92.1657142857143,-91.6666666666667,-77.96,-72.915,-79.92714285714291,-90.8366666666667,-85.53399999999998,-96.3725,6,3,3,3,3,0,7140
-91.80142857142859,-96.94,-91.8728571428571,-94.93,-89.5858333333333,-84.17714285714291,-92.23,-85.632,-95.8575,7,3,4,4,3,-1,6681
-86.32357142857141,-90.17,-92.01,-85.01,-90.8225,-87.5133333333333,-89.5783333333333,-93.81,-96.7925,3,4,5,-1,-2,-1,9144
-80.01,-75.40875,-93.33,-96.59,-94.7625,-89.7132142857143,-90.0,-99.034,-94.4075,2,4,5,-2,-3,-1,9546
-95.4,-93.4328571428572,-90.8628571428571,-83.0,-95.02,-86.2657142857143,-93.5516666666667,-95.582,-96.5925,4,3,4,1,0,-1,8558
-82.91571428571429,-96.72,-83.1557142857143,-96.59,-98.5125,-96.13,-99.21,-98.048,-98.1,3,4,3,-1,0,1,8670
-86.42857142857142,-82.01,-88.4357142857143,-93.52,-93.6175,-91.01428571428568,-89.93,-99.034,-94.4075,2,4,5,-2,-3,-1,9513
-82.39714285714291,-76.95,-80.82,-74.32,-88.335,-87.867619047619,-90.9166666666667,-98.012,-96.7925,2,4,5,-2,-3,-1,9241
-91.32285714285707,-99.2842857142857,-91.76428571428568,-102.91,-92.8475,-95.2528571428571,-87.3566666666667,-74.904,-87.35,7,6,1,1,6,5,6847
-77.51,-73.76,-96.78,-92.08,-92.5125,-91.05857142857141,-87.2983333333333,-98.098,-97.91,2,4,5,-2,-3,-1,9413
-97.8,-95.68428571428568,-87.16857142857141,-99.26,-98.2575,-93.28464285714293,-88.77,-99.194,-73.41,5,7,2,-2,3,5,8156
-93.34,-95.66714285714279,-90.59,-89.26,-87.65,-91.45,-93.14,-80.38,-96.3725,6,4,3,2,3,1,7323
-86.46142857142858,-92.15142857142858,-91.17857142857142,-71.09,-86.96,-81.86428571428571,-90.1666666666667,-91.412,-97.6,4,2,5,2,-1,-3,8269
-91.1057142857143,-99.2842857142857,-91.3728571428571,-95.9383333333333,-92.8475,-92.93428571428568,-89.135,-80.462,-71.16,7,6,0,1,7,6,6895
-88.32214285714291,-96.14,-93.1157142857143,-92.09,-87.6025,-93.84714285714293,-80.2366666666667,-83.706,-96.28,6,4,2,2,4,2,7281
-92.6928571428572,-96.03,-89.46,-94.65333333333332,-92.7275,-90.67857142857142,-74.105,-69.134,-93.78,6,5,2,1,4,3,7082
-90.4657142857143,-87.67285714285721,-93.06571428571432,-87.05,-72.8625,-70.33,-91.53,-90.1152727272727,-95.8575,8,3,6,5,2,-3,6707
-88.0357142857143,-93.96,-82.73125,-88.26,-91.39,-88.29404761904759,-91.8966666666667,-97.358,-96.28,3,4,3,-1,0,1,8876
-95.3292857142857,-83.72571428571429,-95.3216666666667,-90.49880952380951,-101.895,-97.38357142857141,-102.42,-101.806,-94.4075,3,3,6,0,-3,-3,9515
-88.59142857142858,-92.57714285714279,-90.04857142857142,-84.26,-94.8675,-88.71,-92.7283333333333,-95.286,-95.9225,4,3,4,1,0,-1,8470
-82.91571428571429,-94.7492857142857,-81.32,-93.77,-98.5125,-96.13,-92.4633333333333,-98.048,-98.1,3,4,3,-1,0,1,8675
-82.51,-95.56857142857142,-85.27,-94.02,-91.425,-90.51857142857142,-90.4483333333333,-84.022,-97.16,5,4,2,1,3,2,7411
-92.6957142857143,-94.4071428571429,-90.43714285714279,-97.4233333333333,-83.4175,-89.53,-91.95,-78.104,-88.97,7,4,3,3,4,1,6740
-90.2,-95.61714285714292,-94.5871428571428,-88.01,-97.09,-89.39,-90.81,-95.348,-98.7325,3,3,4,0,-1,-1,8687
-99.61,-91.57857142857141,-92.51,-93.34,-80.4925,-84.21285714285709,-91.5233333333333,-77.268,-99.49,7,4,3,3,4,1,6725
-103.705,-110.425,-107.381666666667,-110.33,-92.295,-102.44,-98.33,-98.155,-115.0,6,3,3,3,3,0,6023
-109.088333333333,-107.2,-107.01,-108.43,-97.2,-99.91285714285708,-99.84,-97.295,-115.0,6,4,3,2,3,1,929
-109.088333333333,-107.2,-107.01,-108.43,-99.3342857142857,-100.032857142857,-103.475,-100.79,-115.0,6,4,3,2,3,1,1064
-105.225,-115.0,-105.21,-115.0,-105.835,-115.0,-94.735,-96.5857142857143,-108.12,6,4,3,2,3,1,5621
-97.8633333333333,-115.0,-98.8,-115.0,-99.675,-96.98,-96.98,-99.5725,-115.0,6,4,3,2,3,1,4917
-98.74799999999999,-98.16,-101.7,-99.62,-91.935,-92.51428571428568,-100.03,-97.63,-115.0,6,3,3,3,3,0,2342
-103.705,-110.425,-107.381666666667,-110.33,-98.065,-105.56,-100.24,-99.57,-115.0,6,3,3,3,3,0,6267
-101.196666666667,-115.0,-96.04,-115.0,-96.79,-96.1,-94.42,-92.75,-115.0,6,4,3,2,3,1,4493
-109.088333333333,-107.2,-107.01,-108.43,-106.015714285714,-103.52428571428601,-103.19,-102.96,-115.0,6,4,3,2,3,1,1299
-103.04,-115.0,-98.56,-115.0,-94.36,-95.83,-99.255,-95.288,-115.0,6,3,3,3,3,0,3218
-109.088333333333,-107.2,-107.01,-108.43,-101.492857142857,-100.674285714286,-103.065,-100.79,-115.0,6,4,3,2,3,1,1118
-115.0,-115.0,-115.0,-115.0,-96.33,-92.66833333333332,-82.4533333333333,-78.36,-115.0,6,3,3,3,3,0,2403
-106.07,-115.0,-106.67,-104.161666666667,-98.6457142857143,-95.5,-99.9657142857143,-96.7116666666667,-115.0,6,3,3,3,3,0,4097
-106.07,-115.0,-106.67,-104.161666666667,-96.2228571428571,-92.92,-96.1257142857143,-92.0983333333333,-115.0,6,3,3,3,3,0,3702
-109.088333333333,-107.2,-107.14857142857099,-109.36,-105.567142857143,-104.704285714286,-104.23,-104.29,-115.0,6,4,3,2,3,1,1546
-103.705,-110.425,-107.381666666667,-110.33,-108.345,-106.59,-107.153333333333,-102.12,-115.0,6,3,3,3,3,0,6565
-109.088333333333,-107.2,-107.14857142857099,-108.9875,-104.902857142857,-105.06,-104.68,-106.02,-115.0,6,4,3,2,3,1,1429
-103.04,-115.0,-98.56,-115.0,-91.7266666666666,-95.6157142857143,-99.255,-94.69200000000001,-115.0,6,3,3,3,3,0,3096
-109.088333333333,-107.2,-107.01,-108.43,-97.85285714285708,-99.51857142857142,-101.13,-94.35,-115.0,6,4,3,2,3,1,966
-115.0,-115.0,-115.0,-115.0,-115.0,-115.0,-90.93,-84.53,-115.0,6,4,3,2,3,1,149
-98.74799999999999,-97.85,-98.61,-99.25,-89.445,-90.82,-100.03,-96.41,-115.0,6,3,3,3,3,0,2018
-105.225,-115.0,-105.21,-115.0,-105.835,-115.0,-97.965,-97.1142857142857,-108.12,6,4,3,2,3,1,5760
-115.0,-115.0,-115.0,-115.0,-96.33,-93.4833333333333,-81.58,-78.2614285714286,-115.0,6,3,3,3,3,0,2847
-98.74799999999999,-106.79,-98.396,-96.36,-89.395,-92.51428571428568,-100.03,-95.44,-115.0,6,3,3,3,3,0,2134
-109.088333333333,-107.2,-107.01,-108.43,-105.245714285714,-101.652857142857,-103.065,-102.11,-115.0,6,4,3,2,3,1,1217
-101.28,-115.0,-100.06,-115.0,-99.34,-93.73,-98.74,-98.7875,-115.0,6,4,3,2,3,1,4712
-105.225,-115.0,-105.21,-115.0,-105.835,-115.0,-98.2833333333333,-96.5857142857143,-108.12,6,4,3,2,3,1,5613
-98.74799999999999,-99.67,-98.61,-95.98,-80.3,-83.25571428571429,-100.03,-95.755,-115.0,6,3,3,3,3,0,1680
-103.705,-110.425,-107.381666666667,-110.33,-92.295,-102.44,-96.76,-98.155,-115.0,6,3,3,3,3,0,6009
-103.705,-110.425,-107.381666666667,-110.33,-98.59,-98.47,-100.303333333333,-99.57,-115.0,6,3,3,3,3,0,6199
-98.74799999999999,-99.67,-98.61,-99.37,-89.27,-89.1928571428572,-100.03,-99.21,-115.0,6,3,3,3,3,0,1893
-115.0,-115.0,-115.0,-115.0,-96.33,-92.66833333333332,-82.8066666666667,-78.2614285714286,-115.0,6,3,3,3,3,0,2692
-98.74799999999999,-106.79,-98.61,-95.85,-89.535,-90.82,-100.03,-95.91,-115.0,6,3,3,3,3,0,2040
-103.04,-115.0,-98.56,-115.0,-91.7266666666666,-95.6157142857143,-99.255,-95.09,-115.0,6,3,3,3,3,0,3086
-103.705,-110.425,-107.381666666667,-110.33,-93.58,-102.44,-96.76,-98.155,-115.0,6,3,3,3,3,0,5973
-103.705,-110.425,-107.381666666667,-110.33,-93.58,-95.52,-96.76,-98.155,-115.0,6,3,3,3,3,0,5867
-107.65,-115.0,-98.56,-115.0,-98.45666666666668,-97.84571428571432,-99.255,-101.098,-115.0,6,3,3,3,3,0,3599
-105.225,-115.0,-105.21,-115.0,-106.54,-115.0,-93.005,-96.31857142857142,-108.12,6,4,3,2,3,1,5711
-101.196666666667,-115.0,-96.04,-115.0,-96.79,-96.1,-94.42,-87.5925,-115.0,6,4,3,2,3,1,4375
-103.705,-110.425,-107.381666666667,-110.33,-98.535,-94.52,-98.33,-99.005,-115.0,6,3,3,3,3,0,6078
-105.225,-115.0,-105.21,-115.0,-105.835,-115.0,-92.285,-94.54428571428568,-108.12,6,4,3,2,3,1,5537
-100.83,-115.0,-98.56,-115.0,-94.7966666666667,-95.83,-99.255,-99.12,-115.0,6,3,3,3,3,0,3240
-103.04,-115.0,-98.56,-115.0,-94.36,-95.83,-99.255,-94.914,-115.0,6,3,3,3,3,0,3202
-102.61,-115.0,-99.05,-115.0,-104.295,-97.36,-96.98,-99.5725,-115.0,6,4,3,2,3,1,5064
-101.28,-115.0,-100.06,-115.0,-99.34,-93.73,-98.74,-98.7875,-115.0,6,4,3,2,3,1,4711
-106.07,-115.0,-106.67,-104.161666666667,-97.94714285714292,-100.48,-99.23571428571432,-97.1633333333333,-115.0,6,3,3,3,3,0,4256
-100.83,-115.0,-98.56,-115.0,-100.40666666666701,-97.84571428571432,-99.255,-99.47,-115.0,6,3,3,3,3,0,3423
-115.0,-115.0,-115.0,-115.0,-115.0,-115.0,-95.6871428571429,-93.86,-115.0,6,4,3,2,3,1,790
-105.225,-115.0,-105.21,-115.0,-105.835,-115.0,-88.66,-88.73571428571432,-108.12,6,4,3,2,3,1,5224
-106.07,-115.0,-106.67,-104.161666666667,-96.8857142857143,-93.9633333333333,-97.8942857142857,-98.175,-115.0,6,3,3,3,3,0,3968
-103.705,-110.425,-107.381666666667,-110.33,-104.38,-106.59,-102.726666666667,-102.12,-115.0,6,3,3,3,3,0,6428
-103.705,-110.425,-107.381666666667,-110.33,-98.065,-105.56,-100.3325,-101.46,-115.0,6,3,3,3,3,0,6274
-109.088333333333,-107.2,-107.14857142857099,-109.54,-105.567142857143,-104.704285714286,-104.23,-104.29,-115.0,6,4,3,2,3,1,1587
-101.196666666667,-115.0,-96.04,-115.0,-98.615,-96.1,-94.42,-93.615,-115.0,6,4,3,2,3,1,4584
-102.61,-115.0,-103.4,-115.0,-104.295,-97.36,-96.98,-99.5725,-115.0,6,4,3,2,3,1,5041
-107.65,-115.0,-98.56,-115.0,-97.95666666666668,-97.84571428571432,-99.255,-101.098,-115.0,6,3,3,3,3,0,3585
-101.28,-115.0,-100.06,-115.0,-98.615,-96.1,-94.42,-92.865,-115.0,6,4,3,2,3,1,4649
-101.196666666667,-115.0,-96.04,-115.0,-96.79,-96.1,-94.42,-95.935,-115.0,6,4,3,2,3,1,4550
-115.0,-115.0,-115.0,-115.0,-96.33,-92.66833333333332,-82.4533333333333,-78.9842857142857,-115.0,6,3,3,3,3,0,2532
-100.83,-115.0,-98.56,-115.0,-96.9066666666667,-97.5942857142857,-99.255,-95.54,-115.0,6,3,3,3,3,0,3294
-103.705,-110.425,-107.381666666667,-110.33,-108.345,-106.59,-107.153333333333,-102.12,-115.0,6,3,3,3,3,0,6577
-98.74799999999999,-99.67,-98.61,-99.37,-87.02,-88.6371428571429,-100.03,-99.21,-115.0,6,3,3,3,3,0,1884
-115.0,-115.0,-115.0,-115.0,-96.33,-92.66833333333332,-82.41,-78.2614285714286,-115.0,6,3,3,3,3,0,2703
-103.705,-110.425,-107.381666666667,-110.33,-104.38,-105.56,-102.726666666667,-102.12,-115.0,6,3,3,3,3,0,6422
-105.225,-115.0,-105.21,-115.0,-105.835,-115.0,-86.0,-86.7842857142857,-108.12,6,4,3,2,3,1,5327
-98.74799999999999,-99.67,-98.61,-95.98,-79.33,-83.25571428571429,-100.03,-95.755,-115.0,6,3,3,3,3,0,1682
-102.61,-115.0,-103.4,-115.0,-104.295,-97.36,-96.98,-99.5725,-115.0,6,4,3,2,3,1,5044
-103.705,-110.425,-107.381666666667,-110.33,-100.74,-98.47,-100.22,-98.065,-115.0,6,3,3,3,3,0,6142
-109.088333333333,-107.2,-107.01,-108.43,-99.3342857142857,-100.032857142857,-103.475,-100.79,-115.0,6,4,3,2,3,1,1049
-109.088333333333,-107.2,-107.14857142857099,-108.9875,-104.902857142857,-104.271428571429,-104.68,-106.02,-115.0,6,4,3,2,3,1,1417
-106.07,-115.0,-106.67,-104.161666666667,-96.2228571428571,-92.92,-96.1257142857143,-92.0983333333333,-115.0,6,3,3,3,3,0,3662
-115.0,-115.0,-115.0,-115.0,-115.0,-115.0,-90.93,-85.855,-115.0,6,4,3,2,3,1,211
-101.28,-115.0,-100.06,-115.0,-99.34,-93.73,-98.74,-98.7875,-115.0,6,4,3,2,3,1,4704
-109.088333333333,-107.2,-107.14857142857099,-109.36,-105.567142857143,-104.704285714286,-104.23,-104.29,-115.0,6,4,3,2,3,1,1536
-109.088333333333,-107.2,-107.01,-108.76,-106.015714285714,-103.52428571428601,-103.19,-102.96,-115.0,6,4,3,2,3,1,1303
-106.07,-115.0,-106.67,-104.161666666667,-103.47,-95.5,-99.57142857142858,-95.9516666666667,-115.0,6,3,3,3,3,0,4055
-101.196666666667,-115.0,-96.04,-115.0,-96.79,-96.1,-94.42,-91.3275,-115.0,6,4,3,2,3,1,4511
-107.65,-115.0,-98.56,-115.0,-97.95666666666668,-97.84571428571432,-99.255,-101.098,-115.0,6,3,3,3,3,0,3584
-98.74799999999999,-98.16,-99.59200000000001,-103.1,-91.935,-92.51428571428568,-100.03,-101.03,-115.0,6,3,3,3,3,0,2271
-115.0,-115.0,-115.0,-115.0,-115.0,-115.0,-90.93,-83.1866666666667,-115.0,6,4,3,2,3,1,79
-115.0,-115.0,-115.0,-115.0,-96.33,-93.4833333333333,-82.93,-78.2614285714286,-115.0,6,3,3,3,3,0,2828
-115.0,-115.0,-115.0,-115.0,-96.33,-92.66833333333332,-82.8066666666667,-78.2614285714286,-115.0,6,3,3,3,3,0,2695
-105.225,-115.0,-105.21,-115.0,-105.835,-115.0,-95.14,-88.73571428571432,-108.12,6,4,3,2,3,1,5280
-115.0,-115.0,-115.0,-115.0,-96.33,-93.4833333333333,-84.2033333333333,-78.2614285714286,-115.0,6,3,3,3,3,0,2776
-98.74799999999999,-99.67,-98.61,-96.575,-91.6975,-87.3642857142857,-100.03,-95.755,-115.0,6,3,3,3,3,0,1797
-98.74799999999999,-106.79,-98.396,-98.11,-89.395,-92.51428571428568,-100.03,-95.44,-115.0,6,3,3,3,3,0,2132
-105.225,-115.0,-105.21,-115.0,-105.835,-115.0,-87.315,-88.73571428571432,-108.12,6,4,3,2,3,1,5143
-103.705,-110.425,-107.381666666667,-110.33,-101.715,-105.56,-100.42333333333299,-101.46,-115.0,6,3,3,3,3,0,6384
-98.74799999999999,-99.67,-98.61,-95.98,-84.315,-84.56,-100.03,-95.755,-115.0,6,3,3,3,3,0,1723
-103.705,-110.425,-107.381666666667,-110.33,-104.38,-106.59,-106.58,-102.12,-115.0,6,3,3,3,3,0,6474
-98.74799999999999,-99.67,-98.61,-95.98,-81.925,-82.2014285714286,-100.03,-95.755,-115.0,6,3,3,3,3,0,1698
-115.0,-115.0,-115.0,-115.0,-96.33,-92.66833333333332,-82.4533333333333,-78.36,-115.0,6,3,3,3,3,0,2444
-103.705,-110.425,-107.381666666667,-110.33,-104.38,-106.59,-103.103333333333,-102.12,-115.0,6,3,3,3,3,0,6476
-105.225,-115.0,-105.21,-115.0,-105.835,-115.0,-92.6,-98.55,-108.12,6,4,3,2,3,1,5639
-107.65,-115.0,-98.56,-115.0,-98.45666666666668,-97.84571428571432,-99.255,-101.098,-115.0,6,3,3,3,3,0,3603
-105.225,-115.0,-105.21,-115.0,-105.835,-115.0,-86.655,-88.73571428571432,-108.12,6,4,3,2,3,1,5303
-115.0,-115.0,-115.0,-115.0,-115.0,-115.0,-91.13,-89.625,-115.0,6,4,3,2,3,1,551
-109.088333333333,-107.2,-107.01,-108.43,-98.27,-99.51857142857142,-101.13,-96.545,-115.0,6,4,3,2,3,1,963
-106.07,-115.0,-106.67,-104.161666666667,-96.93857142857142,-93.39,-96.67,-94.99,-115.0,6,3,3,3,3,0,3944
-103.705,-110.425,-107.381666666667,-110.33,-93.58,-88.95,-96.76,-98.155,-115.0,6,3,3,3,3,0,5890
